"X0";"X1"
8.0685148232662007e-001;-1.6900842322184304e+000
2.2222322562609422e+000;-1.9510078537803039e+000
1.7567858938906640e+000;-8.8062000805713092e-001
1.7918249867398428e+000;-2.7715254462422863e+000
-6.8898563867380780e-001;-1.7657184266178507e+000
-9.9379180961892799e-002;5.1656278785328946e-001
2.1380162438990427e+000;-1.7481540563095437e+000
3.5878032139168936e-001;1.0069622810130126e+000
-1.3961442449646477e-001;-2.5370709748129427e+000
1.6771937660064649e+000;-1.2589074343638309e+000
3.0556128392298665e-001;2.9220472995476863e+000
-3.1534011535078532e-001;-2.2580698342055401e+000
-2.4222807955543746e-001;-3.1987237232577206e+000
2.3871346053784848e-001;-2.6437221585001112e+000
-1.3548389304496149e+000;1.1166790331540526e+000
1.2295507513021036e+000;-3.3052757632634915e+000
-7.3718062587176558e-001;3.9015729038189266e+000
-1.0429538332327741e+000;7.3717610921049292e-001
1.4682597264195798e+000;-1.1868949189509357e+000
-1.1878147683565694e+000;8.6102341723093279e-002
1.2531334228264033e+000;-2.2334891703224806e+000
8.0989468288122435e-001;-2.4119998250541479e+000
1.7662923501170744e+000;-2.3879985204482992e+000
-3.5349721787505506e-001;-2.0127440039801097e+000
-1.5047085727208085e+000;2.8224876632927316e+000
2.6088751874940832e+000;-2.3618885465097268e+000
1.5421716089792099e+000;-1.7105916330652984e+000
6.2025616114504123e-001;-1.4239271648042751e+000
-1.5940129500867704e+000;3.5140916112769434e+000
1.1566878707933865e+000;-1.3204789198968210e+000
8.6682156616090500e-001;-3.3531513129615802e+000
3.9276247213011031e+000;-7.0778999212233207e-001
-2.5419370681829965e+000;1.5212818614681796e+000
3.1758845424358091e+000;-1.0510610852617077e+000
2.7058095093566481e-001;-3.3951505569126619e+000
1.5480800743928991e+000;-3.2544129570364131e+000
-1.1627088141123676e-002;1.1077523591206515e+000
7.1832746093020372e-001;-3.2815158752340512e+000
-8.1035442991320916e-001;1.2533694450002213e+000
-2.0392944547014982e+000;2.6131418879376795e+000
-2.4384311659483338e-001;2.9418186645010476e+000
3.1028087724601527e-001;3.6785503816162279e-001
2.1062836403276743e+000;-3.5825722653138938e+000
1.2688466843763051e+000;-2.2533951068041209e+000
-8.0611592107593955e-001;2.7074360540603162e+000
1.9136345142886544e+000;-3.0467645219271922e+000
5.1615448329015368e-001;-2.2307612771033747e+000
4.8238075424476778e-002;-1.7835326439663695e+000
1.1454277266248432e+000;-1.9239396918294680e+000
-3.5618455304025254e-001;2.1150944000778749e-001
-4.9172710320067881e-001;2.4565938468901760e+000
4.2154020848545548e-001;-1.6454662187496796e+000
7.0926415663514764e-003;-3.2117239116479723e+000
-1.8228467245814239e-001;-1.3366765741225217e+000
1.5367267945457743e+000;-1.3215894972714728e+000
2.4564784479593547e+000;-8.6734090674495712e-001
-1.7837831932033841e+000;1.3513812078631890e+000
6.6388474232423422e-001;1.6184796793237310e+000
-7.4522960163917285e-001;1.7814440572225645e+000
9.9895680545121623e-001;-2.4634679596465832e+000
3.2667883218723821e+000;-6.2543426615809827e-001
9.5690225802055096e-001;-2.9088523416122687e+000
-1.7602217419967903e-001;1.5171608927542031e+000
1.3908398534423738e+000;-1.6003524392217487e+000
8.2557014579933419e-001;-1.9001823928198507e+000
-2.0919947211792445e-001;-1.3647358520887689e+000
1.6064288321081661e+000;-8.3723966464200306e-001
2.3137705074909460e+000;-2.9284177296933578e+000
9.1065071857345881e-001;-1.6207309327550621e+000
1.3487677115005021e+000;-1.4149350918968755e+000
3.5190977006128976e-001;-1.8484208907840987e+000
3.6375348092446558e-001;-1.0875685325137887e+000
6.5875390768034059e-001;1.6334068834198847e+000
5.4127430285289546e-001;-2.7271114203605076e+000
-3.0447929198056034e-001;-1.7976652577671353e+000
9.1063892641965227e-001;-1.6246545546119573e+000
1.6872135993071327e+000;-3.7606223400883545e+000
-1.9599784698223210e-003;-1.3256849411130263e+000
2.5840744275450600e+000;-2.5730840807842696e+000
-1.2999889174121888e+000;2.8048073806217735e+000
1.7381147399460826e+000;-2.4211408022450502e+000
-6.8934027106243767e-001;-2.9483952076532400e+000
5.6063711724497800e-001;-7.6124555099895486e-001
-6.6775038727512359e-001;2.3378853575171652e+000
-2.8908190648738534e+000;2.8414654371241452e+000
-6.2513369973002186e-001;3.4210363355271665e+000
9.5759842581228383e-001;-1.6366123052697108e+000
2.8379503908946266e+000;-1.2066563923159066e+000
-8.5286752247848630e-001;1.3512021967092127e+000
-4.4120611268423438e-001;-1.9371105954501378e+000
-1.3462082689389787e-001;2.8338618956761339e+000
2.0804728638884784e+000;-1.7514141310007914e+000
-2.9436511983565150e-001;9.5627473322815315e-001
-1.5006132729209090e+000;2.5973982311974182e+000
-8.2079864573701800e-001;2.1223523938613131e-001
-3.4264783601020188e-001;-3.3453839053423144e+000
-5.1726270671202923e-001;-1.9328552101547440e+000
2.6826683990884337e-001;-2.9262082917010885e+000
1.9535559452813773e+000;-2.2797130672558810e+000
-6.5427707246615585e-001;4.4547621735690845e-001
-4.3714608513418252e-001;2.6990731983457845e+000
-1.5293587043332193e+000;2.7756669268041390e+000
2.5859741862289076e-001;-2.7416905400963869e+000
-8.6455246802126684e-001;-2.1774058461002768e+000
1.8393055368799998e+000;-1.4844292068141711e+000
-3.6182579222704172e+000;3.0676827726443734e+000
-1.1709739574866249e+000;2.6450356803110338e+000
3.3372440754712551e-001;-3.5971192511908665e+000
1.1480621365758670e+000;-2.0689681198068590e+000
2.1326399770851019e+000;-2.7921399065317845e+000
2.5221849297740295e-002;2.4557566371999280e+000
-2.2102606035215020e+000;1.3924613723097297e+000
-3.5254897862506451e-001;2.8264771344643171e+000
2.0471038533854422e+000;-2.1529248364037681e+000
1.4135449216130034e+000;-8.1263290416231793e-001
2.0538157845356992e+000;-1.6896025778694739e+000
4.2084791223397944e-001;3.9487622613936724e+000
-5.5189969430922969e-001;2.0166106553444472e+000
1.1685013504088346e+000;-1.6639875758855782e+000
-5.8936141250653939e-004;-2.8931956907066647e+000
2.9231278366606750e-001;-2.3677256772978228e+000
3.3380345630425383e+000;-2.3676330111856285e+000
1.9116646006224216e+000;-9.2630908005166357e-001
2.2609134408052167e+000;-2.6355166531462908e+000
-1.6277790720087060e-002;-2.9386617563097031e+000
1.2438837725723444e+000;-3.4318524087661593e+000
-1.5355463122621547e+000;2.7807699747779742e+000
-6.1623599509037907e-001;-2.8867399454718798e+000
7.7523608611692740e-001;-6.0754540325310735e-001
8.8935289230501202e-002;-2.8711339204510118e+000
4.8995290279940873e-002;2.7582115006470072e+000
7.6993716677407653e-001;-2.6872461114947339e+000
1.9592790231484902e-001;-2.0856417903469522e+000
1.5853316209791375e+000;-1.5562644782934101e+000
1.4884813197608717e+000;5.0665198745127205e-001
5.0726570207549693e-001;-7.6673801427379473e-001
-1.9758069953847146e+000;2.3729488475978444e+000
2.0696165349871387e-001;-1.1932008604437991e+000
-5.8940915186540810e-001;-1.3416429099343712e+000
4.8795491562997895e-002;-3.7099192328311865e+000
5.1536388518733056e-001;3.6005073811267856e+000
-5.2069317515953384e-001;-3.7556650916380363e+000
1.1312676283791230e+000;-1.9229393716359584e+000
-2.1510991120475755e+000;2.9132474970319797e+000
-1.8525437731574195e+000;1.2979225892260911e+000
-1.4397131397385778e+000;5.0110998488663405e-001
1.0875313559631052e+000;-3.2817419213806862e+000
-1.3723961135336409e+000;2.0378312999668409e+000
9.5825353231368215e-001;-3.8401007712742259e+000
-1.5042490593546876e-001;3.0371801013282882e+000
1.3316123909671291e+000;2.5959203227065051e+000
-3.3410030745289241e+000;2.9745897117391626e+000
-1.9425038759823565e+000;1.1186964174121330e+000
3.5139269205832824e-001;-3.1802294375859619e+000
-7.9830363262094650e-001;-2.6701205829829444e+000
1.0320264860851223e+000;-1.8663871047749376e+000
2.0082562839215674e+000;-1.4080833038893807e+000
4.6888359823989023e-001;-3.2533257804771649e+000
7.1947654815076456e-001;-2.1443781607638277e+000
-1.6085508661499976e+000;1.5970429296257396e+000
1.4166281859862331e+000;-8.7383471655104916e-001
5.0483864052049832e-001;-3.7530460897652920e+000
1.3919541920375713e+000;-1.4746238489378944e+000
1.1780591007763508e-001;-1.7310989249717255e+000
6.1806614181455011e-001;-2.7605315525798955e+000
-1.0915952435673530e+000;1.5344709636044058e+000
-5.4009042547945874e-001;3.3484349461325551e+000
-1.3876782244597861e+000;1.8763670440364475e+000
7.2188049598620330e-001;-3.1228010306757152e+000
1.0734680412144164e+000;-1.6572534855113035e+000
1.0699008858055330e+000;-8.5765132009175571e-001
-3.7966435005406240e-001;1.5084662394149448e+000
2.4250767057472800e-001;2.8486168464920136e+000
3.4140777237288575e+000;-1.2735679349141145e+000
-1.5583740209893322e+000;2.4423297766216283e+000
1.4446115851461188e+000;-1.4695090044358810e+000
1.9009195408463797e-001;-2.5698523148997992e+000
-2.6608433406423870e-001;2.0918637944030523e+000
-4.7134523167307196e-001;3.9040512804707692e+000
5.4124985007084048e-001;-3.5855619931580818e+000
8.9285246780024585e-001;-1.7950803849880161e+000
-4.8356593219762711e-002;-1.2041192481686318e+000
7.5810007299098059e-001;1.2920326402270716e+000
1.2696055213603317e+000;-1.2023119804899380e+000
3.1632620614067020e-002;-2.8393906405712483e+000
-1.2161400531948370e+000;2.6969746520992373e+000
-7.0928575022831697e-001;3.0575632717680845e+000
3.1688123053494670e+000;-1.7449736644053762e+000
-2.7147379571898504e+000;8.6087854971551647e-001
5.4473521298018412e-001;-1.5476127049917472e+000
1.5112283659892007e+000;-5.6972008654342821e-001
-2.0576983917962144e-002;-2.3192386938561040e+000
1.1901551252508815e+000;-2.4182511938824458e+000
7.2555454622592275e-001;-2.9028246703380560e+000
-1.6982451302280022e+000;3.9698504930138578e-001
-6.6904666081998665e-001;2.2921502788237338e+000
2.3798060549226518e-001;-1.6106682616421362e+000
2.0234537042115113e+000;-2.2915376562421810e+000
1.0285209192096501e+000;-1.9115908074491832e+000
3.1958453463453595e-001;-1.9026733008455938e+000
-3.3341357489926051e+000;2.3300958408895664e+000
-2.0121539759742220e+000;1.6865350544496196e+000
-3.4396010600623583e-002;-2.1490877391567129e+000
1.8041414024781246e+000;-1.6930581423868860e+000
-2.1153126372572850e-001;-2.1607551280761710e+000
3.0561606676996251e+000;-1.4634474958402475e+000
-8.6173870575817713e-001;-1.9216991814143107e+000
4.4193823411806150e+000;-1.1021628309347355e+000
1.5433986232848507e-001;-3.9066474483700153e+000
-6.2445919075911249e-001;2.4350041500436266e+000
-9.7054628363784778e-001;2.7192661842053725e+000
6.9574787420044348e-001;-1.6588702320265178e+000
-1.0108859166901891e+000;7.5832951212560107e-001
3.7277034631578720e-001;-2.7996936350720820e+000
-9.9739228502622557e-001;-3.4496660544983042e+000
1.0409431091111516e+000;2.6578053236272239e+000
-5.6993115414388362e-001;-1.2189219434515324e+000
-2.3582612004891379e+000;1.7843239783564631e+000
-2.6330542156487073e+000;-4.0895832223458095e-001
-1.4691903127674921e-001;-2.1861853149388382e+000
-1.7507568203653410e+000;-4.4030911806822415e-001
-8.4035536352324325e-001;2.8111624351715450e+000
5.7442451514071058e-001;-3.5946375979747831e+000
-4.8075201620258490e-001;-2.2630467744318334e+000
1.3178497257961312e+000;-7.4262128584190457e-001
-1.2162393176490420e+000;-2.9061703344925087e+000
-4.1458313998798790e-001;2.6236835195949872e+000
7.5404496581014946e-001;-2.7882351555210332e+000
9.4252414173559751e-001;8.3161723107458307e-001
-1.9717169540831412e+000;2.5081907328393318e+000
2.2471723797100931e+000;-2.4878239650791989e-001
-1.1996017553974945e+000;8.8212863883329895e-001
2.7990479627248894e+000;-1.6119702835944736e+000
1.8872193700487838e+000;-2.0802571278269677e+000
2.0172587763710859e-001;-2.2015790136832676e+000
6.9578245553337781e-001;-2.2171135836794420e-001
-2.0672823126591635e+000;8.2268018732459369e-002
-4.8247960939094126e-001;2.1389172912064902e+000
1.4285204565454159e+000;-2.1061265494806714e+000
8.5778144240903653e-001;-4.2066168776865434e+000
-3.4643355987917301e-001;3.1798806439687501e+000
2.3172157462440333e+000;-3.5916620799030241e-002
-5.9225492073460240e-001;1.1249531390969638e+000
-3.0109773776142146e-001;-3.1921623437821918e+000
2.0767313903123403e+000;-3.7417768060829748e-001
5.2350571255738143e-001;-1.0992782785928759e+000
4.0201142230887643e-001;1.6130632316047337e+000
1.0806698954792191e+000;-2.6381873627482828e+000
3.3449491499428641e+000;-2.5964388062255539e-001
1.2471700514000279e+000;-1.2772513326905020e+000
5.4369613813806450e-001;-2.9430669489035477e+000
-8.5191284772710052e-001;-1.1125454873951892e+000
2.2591480164854478e+000;-3.3507774347645816e+000
2.0606666076008633e+000;-2.2275471270421860e+000
2.5240478167045586e+000;-3.3884189612656668e+000
3.2428679712261788e-001;-2.4834856188093828e+000
1.6052741337945751e+000;-2.6207872610435881e+000
-5.6928836392834614e-001;1.9674220789256911e+000
1.4307491994873311e-001;-8.8076158950382788e-001
1.1359990823770016e+000;-8.0412597010178577e-001
1.0677188943364551e+000;-1.2433706267608284e+000
-4.8606118857392966e-002;-1.1374021565022312e+000
1.9116576985531593e+000;-9.4270859166639043e-001
-9.5389206584480091e-001;-2.6341048993023559e+000
6.4913681816983071e-001;-1.0718072418569866e+000
-3.1450186087297693e-001;7.7450710776650578e-001
-3.3006529377950256e-001;-2.4107763610571156e+000
1.3315689235808401e+000;-1.0712418587683739e+000
9.0009838988563895e-001;-1.8908928797620688e+000
1.3334085840583951e+000;-2.2437066220236614e+000
-7.3334735923577488e-001;-2.5460632122823008e+000
8.7970095091103584e-001;-3.7093273476461595e+000
1.3084757183647071e+000;-1.1578287947374899e+000
5.0711063011503499e-001;-1.8435183683898566e+000
2.6807232781496393e-001;-1.4911959638662440e+000
2.0495443863635314e+000;-9.1132122743856980e-001
9.8499023224766924e-001;-2.6598293337183376e+000
-6.0349113868412241e-002;2.6851324002043091e+000
9.4557654199573860e-001;-4.2738463992291358e+000
9.0096989543602302e-001;-2.4669241728476718e+000
-1.3475303067871387e+000;3.8675231696839827e+000
-1.6282175445981086e+000;1.8262696072194202e+000
-2.3619848393659510e+000;1.4967119163101716e-001
5.5623018249315925e-001;-6.1901540429569724e-001
-1.4410686888369284e+000;4.3162506914610805e+000
-7.8079650878798057e-001;1.6515742242216820e+000
-2.5604496888147290e+000;1.0441324653479807e+000
9.3171922958028008e-001;-1.0825882434809220e+000
1.6304812497347001e+000;-2.1402711290834087e+000
-1.5900542725202138e-002;-2.4544669373731538e+000
-1.8278049203575770e+000;2.1099130760432683e+000
-1.2385091889664239e+000;-4.3817764666305816e+000
2.6907844695776140e+000;-1.4077012820616619e+000
1.0343262879943795e+000;-1.1625309174312899e+000
1.2737966524309368e+000;-3.4935317941768349e+000
5.9836121982574586e-001;-1.3833698269650521e+000
-1.0460655205648330e+000;3.1173026202380689e+000
3.1173169618856544e-001;-2.7610010440176791e-001
8.9808396032289295e-001;-2.7157851631652505e+000
1.8896013216353831e+000;-6.9851898826866687e-001
6.9531337487447531e-001;-2.1231725619105428e+000
2.9662234999125427e+000;-2.5828309810122261e+000
7.5798879496694394e-001;-4.5547141863751346e+000
1.1343493269083025e+000;-1.8449342047482962e+000
-1.0869963982751358e+000;1.6215684852975869e+000
6.9028474857609257e-001;-2.3271385195680545e+000
1.9820807131463010e+000;-3.1609580347421753e+000
2.1382356010871781e+000;-1.2323070466411896e+000
1.9283038122662330e+000;4.4794930504297392e-001
-1.6096899136262084e+000;2.4615938237609498e+000
-4.3649402871851772e-001;2.0883012449155691e+000
-1.1298031788231131e+000;-2.7583746866231884e+000
-2.7822809415890970e-001;-1.4875655065185702e+000
-5.1411283236292493e-001;-1.7945751477462337e+000
-7.4299577320914478e-001;-2.7711369583236856e+000
1.8905883927882687e+000;-2.5897705838090177e+000
3.2749001055953242e-001;-3.8601393676930464e+000
1.5272009095035712e+000;-3.2841906478462373e+000
7.6066603965884294e-001;-7.2143712508695335e-001
6.1025987997477449e-001;-1.3672587301830699e+000
2.0341406173538346e+000;-1.8842424166390737e+000
1.4566775359941673e+000;-1.5594088083145015e+000
-4.6017957786565011e-001;-1.7366277347184798e+000
2.0750587088645300e-002;2.7397579337897202e+000
-4.9315529576121031e-001;2.3172408461144363e+000
2.1479720121106105e+000;-1.4659790196006783e+000
-4.6544256836368603e-001;1.8074141429505821e+000
9.2057691324307234e-001;-2.1330614775228556e+000
-6.3853233860114789e-001;-4.0980548602619802e+000
1.5046300923126648e+000;-8.1067084837085379e-001
1.5230721840713040e+000;-4.2781056785766713e-001
8.5276552913623560e-001;-3.3375208472443143e+000
6.0267938088503170e-001;-3.8665419563827408e+000
5.8227139567857711e-001;-2.5692425700490089e+000
3.8274316352535898e-001;-2.5737188230873058e+000
-7.6557070120146631e-001;-3.5767358833727125e-001
-2.4983522809272252e+000;1.3987002143781830e+000
-5.0443327578107389e-001;7.2720459609189669e-001
2.3001798719329158e-001;-1.4150863763139752e+000
-9.3698491542888340e-001;2.9055210890221606e+000
-7.1856267089858927e-001;9.8454042686741561e-001
-1.0278786107173989e+000;7.6119314643990243e-001
-7.1444294991968849e-001;6.7983162822436771e-002
8.6908061700385431e-001;-1.1467455899046497e+000
1.9714649088935281e+000;-1.0661634076057980e+000
4.4482630758598141e-001;-2.3559989507866890e+000
1.2389284496508026e+000;-3.3631744194672217e+000
-2.0822017563424220e+000;3.1300852138876412e+000
-1.1954902674866188e+000;8.5361870001115725e-001
-1.4932750981742844e+000;1.4710728711597651e+000
-4.5963770648330060e-001;-1.3351270536417736e+000
-1.2025044761391164e+000;5.2863138983379532e-001
-6.5284844207083581e-001;2.4723623551179155e+000
5.4205575932151584e-001;-1.0137583602762099e+000
1.2151910953297780e+000;-5.0994370907096020e-001
6.7161250109262305e-001;-1.6091113932171792e+000
1.4059380107620272e+000;-1.8090381344205875e+000
-2.5530201040973854e-001;2.0538450045676933e+000
2.8307168898772384e+000;-5.5210510866457962e-001
-2.9163984348289049e+000;3.4376755441493829e+000
4.0944914777126462e-001;-1.6766807776672608e+000
-1.5564203728536627e+000;-2.0853525855002597e+000
-8.2512645649167160e-001;-6.1449866090675020e-001
7.9829874831490300e-001;-1.2742737712131103e+000
1.1157161347302353e+000;-2.1119521073681158e+000
2.7241833671037394e+000;-1.1897571734643146e+000
3.3777237309684582e-001;-1.2634549133332493e+000
-4.5894600770817007e-001;2.4213103946176124e+000
-1.6198777417977981e+000;1.8968199759250517e+000
1.3714774710127211e+000;-1.7911984512823351e+000
7.3159403200021433e-001;-3.8986928562003813e+000
2.0198599777013992e-002;-2.6229869721528112e+000
-7.2286567957484427e-001;1.9073482055182074e+000
-1.4345982883602155e+000;1.1483321089563456e+000
-6.5773120949840225e-001;-1.0118819246573305e+000
-7.8054190113034383e-001;2.9803160123298902e+000
1.3880178187772869e+000;-2.8248930877958998e+000
-3.9636231926627374e-001;-1.3690084579258774e+000
-3.0140276992100929e+000;-4.2157496156609575e-002
1.3805995769931985e+000;-1.2966636530170772e+000
1.8301659740578302e+000;-4.4228356314227057e-001
5.4776809711540286e-001;-2.6296189795328333e+000
2.6540636137120490e+000;9.4308230318263142e-001
3.3755534758071826e-001;-7.4671496521551783e-001
-1.0329451891128454e+000;1.1030796680422297e+000
-1.0240587810439381e+000;2.3272838910659464e+000
7.1387855332880612e-001;-2.3760265417056887e+000
-4.5063672732976756e-001;-3.3579358295986075e+000
-8.8423693134266379e-001;1.0444914902185309e+000
1.4975614112826507e+000;-1.8199063301138145e+000
5.9784143383875277e-001;-1.4682186024666273e+000
4.5109061570415987e-001;-1.3804546112688907e+000
2.1240239411479216e+000;-2.2739807573146815e+000
-3.8752176901147828e-001;-3.9555889083088891e+000
4.8363092764346649e-001;-1.8815242403670389e+000
-2.4652502179197033e-001;-1.6361724937262292e+000
2.1360909783219570e+000;3.9357212529253749e-001
1.3931828968633462e+000;-2.0406676263079251e+000
3.5741483625029580e-001;-4.6197129641998664e+000
2.3814049533505983e+000;-9.9499163434627369e-001
-1.0604267263664990e-001;-2.5182111670281540e+000
1.4413874493700165e+000;-2.8280524821111701e+000
-4.1112598679070878e-001;4.6276636409251992e-001
2.4716836873844157e+000;-2.1729949412877829e+000
-2.9502272314969189e+000;2.4547332873350896e+000
2.1902513935103085e-001;-1.9231902135750967e+000
2.3764838988048371e+000;-2.3053273154589018e+000
1.3799026474060259e+000;-1.8877891222162921e+000
7.7033030655252177e-001;-2.1258133867159201e+000
2.1788141595367319e+000;-5.8799059458576730e-001
3.2389206946249915e+000;-1.8212066325825669e+000
-2.3718029878718516e+000;1.7562788490297427e+000
-1.4854252207909138e+000;-3.1034470511627936e+000
4.5330679221027381e-001;-2.7914940411103206e-001
-1.1573500669146499e+000;-2.7057703240952056e+000
1.4282853599693826e+000;-3.0448031378133473e+000
2.2246832322355363e+000;-3.1326082384856120e+000
1.0628656884629417e+000;1.8016795561232302e+000
-2.8924513418741356e+000;1.0063138859386505e+000
9.5361659177029701e-001;-3.2985340934157596e+000
1.8548149649541243e+000;-1.8633470041425291e+000
-8.3511048376442942e-001;2.3492310064922575e+000
-1.0564951685957249e+000;2.7026176375271604e+000
-1.4785894938472510e-001;-4.1511447974600344e+000
8.2448784152142907e-001;-2.0283613955173454e+000
2.9435284743825378e+000;-8.1730205708197889e-002
-7.3252217317001311e-001;4.3777756987780165e+000
1.9574935198012746e+000;-2.4371264610988495e+000
1.7785055360442625e+000;-2.9589108780193190e+000
-4.7561167297538698e-001;-7.6422831191732032e-001
6.6984033647415675e-001;1.7113395376812555e+000
1.1797386814566506e+000;-2.4881802546536385e+000
-9.0880611004301781e-001;1.4009517056499763e+000
2.8539526552119403e+000;-3.7164711329911686e+000
1.1376772271373936e+000;-8.4275966281889847e-001
-7.4369711626320278e-001;6.7124539982189457e-001
-6.8020615326241995e-001;-3.4562409842737276e+000
4.9064083618108822e-001;-2.9838086255341105e+000
6.3563267280686708e-001;-2.6160732445880335e+000
7.0393697618797113e-001;-2.7200722439233229e+000
9.0620279303150897e-001;-2.4793546576506085e+000
1.1769404854145937e-001;6.4756809455857045e-002
2.0052309212236330e+000;-2.0532999356583361e+000
-1.5009487122846126e+000;1.1652513841937440e+000
2.1567628847380038e-001;2.0930946198446043e+000
-3.9925388138829176e-002;3.9295900911543056e+000
6.4508427947042835e-001;-1.7327166279840802e+000
1.7171084753948191e+000;-1.4946441758779816e+000
-2.2117292154873693e+000;3.2766642066002367e+000
-3.4773581417349066e+000;2.0072509461618719e+000
3.5636609007487650e+000;-3.2921281799775590e+000
-3.5867558204439642e-001;3.5847393615132246e+000
1.0608593330036673e+000;-1.0560350777918548e+000
-1.4061206401351891e+000;2.1807360033828873e+000
-1.6816439649696724e+000;3.4407282863232194e+000
1.3102990326699615e+000;-2.4370105412001659e+000
3.6219247938760646e-001;-1.1222901564567738e+000
3.7827753655080656e+000;-1.1170772522662946e+000
-9.9241738437953364e-002;-2.8449539500779997e+000
1.5287521314168355e+000;-6.7444660397587319e-001
-7.8393029336473719e-001;1.8292601588899193e+000
1.5608742564228733e+000;1.2290930937219211e+000
-9.0999714773911644e-001;-2.8473191571319774e+000
2.5709371248483466e+000;-1.5910086150972278e+000
2.4240043677916345e+000;-3.7630756813793247e+000
-2.0524409681875491e+000;1.5477909224004716e-002
1.0016969491881427e+000;3.9209330356842376e+000
-1.1320613090728744e+000;1.9094460542172547e+000
-9.5508636775798472e-001;4.2700628993684902e+000
1.3228932376511531e+000;-2.2637520866399656e+000
6.3987228578140098e-001;-2.3758217540815396e+000
-1.5632623581468419e+000;5.9471532602990873e-001
-2.3434555991379393e+000;2.2651084809176094e+000
-1.2604390853537826e+000;-1.9104975087206506e+000
3.0578414537003087e+000;-1.0852188111714156e-001
5.0313851857096492e-001;-2.4263175723852934e+000
-7.7600093357767852e-002;-1.0690481428731360e+000
-1.6642887064917633e+000;2.1843562970829082e+000
1.1004731339002773e+000;-2.6272886851122603e+000
-8.7468003918131809e-002;2.1167805737388790e+000
-5.3970282898978894e-001;3.1043536325094681e+000
2.5062640533472305e+000;-2.4458374114821999e+000
1.8058991620690648e+000;-3.3747673196311387e+000
1.4110442603478763e+000;-3.5368783138806092e-001
1.8582598873771450e+000;-1.7400738453635787e+000
6.5459998997865598e-001;-9.2245380989152359e-001
1.0569732088095807e-001;-2.2865511259768039e+000
-1.8174388982410097e+000;2.2456305759080912e+000
1.5348547127807644e+000;-3.4313983246406883e+000
2.9610842594836946e+000;-3.2202150949515369e+000
-2.1727018383165673e+000;3.9757522882308756e+000
1.8943350778278638e+000;-8.9708355558391784e-001
2.1866844903978517e+000;-2.3751281556400103e+000
1.7116744282869414e+000;-2.4203159529852498e+000
9.4682743997798757e-001;-2.4973434090632076e+000
-6.3028564043675672e-001;2.1559747539694953e+000
8.5097726350282732e-001;-2.8958985502483303e+000
1.3196626401750278e+000;-3.2265910731189873e+000
-2.5615587937103994e+000;2.8151555357303071e-001
2.5397995431398215e+000;-1.2640330870361951e+000
8.3428063610529601e-001;-2.8566329327421958e+000
2.0911562574122948e+000;4.2260107094692412e-002
-1.5682945000321196e+000;2.5476363747961814e+000
5.0349993072084298e-001;-2.6927454709037573e+000
-1.4379494703863815e-001;-1.2839054103749843e+000
-2.1006989803549247e-001;1.5119400878950582e+000
1.0178791270380001e+000;-1.9744605729078020e+000
-1.4647918179204082e+000;1.5524090265184987e+000
-2.7492470867099605e-001;-3.7807485316562173e+000
8.8146731072537110e-001;-2.3952165158631362e+000
-2.0970218330159263e-001;-9.3469700897785390e-001
2.1709750137126460e+000;-9.6501863859491999e-001
-1.1917804140376220e-001;-2.4890848004761734e+000
1.5453416195927714e+000;-8.4528768349607097e-001
4.0274996633518001e-001;-2.9860262190611104e+000
4.7665756079259092e-001;-3.8209379647005925e+000
6.9918132622576401e-001;-1.8340951507326106e+000
1.1345700107273249e-001;2.1012930125709826e+000
1.0795787278218461e-001;-3.2126850820781230e+000
3.9663980027585455e-001;-9.6045159682701753e-001
1.1152763931823595e+000;-1.6386126513813930e+000
-4.7671774257098676e-002;2.8615003702594799e-001
1.3734706691198848e+000;-8.5551337373880409e-001
8.9670049075000990e-001;-2.3829611674935163e+000
9.3152101904438367e-001;1.1815729411889153e-001
5.4786009383219647e-001;-1.8118173260633106e+000
1.4239679078440923e+000;-2.5281771261940871e+000
-2.3108970020864303e+000;2.9607095084072546e+000
1.6495761455961713e+000;-1.0628584412324593e-001
-9.4688904761836579e-001;-1.9445078318992297e+000
-5.4436209039773042e-001;2.2238730971838989e+000
-1.8995328129093063e+000;2.1213806768999248e+000
-8.8101533159226531e-001;2.4964470722238326e+000
-6.0391981382397630e-001;-3.4181619418016425e+000
2.7140059435638841e-001;-3.7799748608008485e+000
-8.9191578340858202e-001;-1.0638437047554237e+000
-1.4313377545942065e+000;1.2760304954249113e+000
9.9670464110770918e-001;-2.2079754399622118e+000
2.2258194352392024e+000;-1.0001177891960347e+000
1.3531037996905291e+000;-2.7876653879101023e+000
9.6674178844005665e-001;-1.1627373192995334e+000
1.3486477467374858e-003;-2.3618832202036755e+000
1.6906425631940545e+000;-3.9722599939167198e+000
-1.2071579630520062e+000;-2.2620770664108258e+000
-2.2236940677828922e+000;1.6671991477565100e+000
-1.4543907877338387e+000;3.5203998569830257e+000
-6.7404414604363638e-001;-7.3635940378966747e-001
-1.8644723379552142e-002;2.2974089910620403e+000
1.8207608112610094e+000;-3.5775791602160250e+000
1.2202356108913579e+000;-3.4818073048367335e+000
-1.3826917141295663e+000;1.7391285259251923e+000
4.8905650481128604e-002;-1.4433790873976040e+000
-2.0235130318084265e+000;4.9936549699511668e-002
1.2063888796496707e+000;-2.1431935258117920e+000
-5.0052527882767706e-002;-3.7730235068362772e-001
9.0638757001749859e-001;-2.5526212680831728e+000
2.2841234323775783e-001;1.8374963594944125e+000
1.1126141196361516e+000;-1.1757566372694357e+000
-1.3742098976806152e+000;-6.6130344093562954e-001
1.1576957591446195e+000;-2.6663706437931678e+000
1.1605715199231261e+000;-1.0834844799819403e+000
1.0950151285440799e+000;-1.7569672055658436e+000
1.4085832862821945e-002;2.2299253454079673e+000
-9.3122130412513737e-001;2.4313154841253861e+000
-2.9345462396821975e-001;3.2727559899098502e+000
3.5345350990610036e-001;-1.8641996405043264e+000
6.1814844175951356e-001;-1.0798378178029233e+000
-3.0095483934044056e+000;2.0253074196678171e+000
3.1035385419582218e+000;-2.5228668029788839e+000
-1.6992028265773733e+000;2.0842050831631842e+000
9.7593182062265416e-001;-2.2322162298173156e+000
3.5600636992245815e-001;-1.8108425197065194e+000
2.4118982481115072e+000;-2.2568694138941630e+000
1.7260419167084111e+000;-1.8925348479358715e+000
1.8131073228126398e+000;-8.1060166489872088e-001
1.5765565881635970e+000;-1.1306343817006987e+000
1.4814941323580724e+000;-1.0976651491149734e+000
-9.7496662948817159e-001;-2.8304437131673676e-001
-2.6499053318438430e+000;1.7299269038322453e+000
2.4154417760399083e+000;-1.1646844818110971e+000
5.1394451884225134e-001;-1.7754718585753859e+000
7.3018156273981338e-002;2.1604600852284390e+000
-1.4544685220975984e+000;7.6920388308091425e-001
-8.1504453614208328e-001;1.7527706053079024e+000
-1.6524459941638829e+000;1.0508457648992482e+000
6.3453524367560532e-001;2.1312186057330038e+000
-8.7795586760213673e-001;2.2372107645384665e+000
-2.8749617642510734e+000;2.9314737180760000e+000
-1.8605947956910540e+000;2.3911352064864762e+000
1.8666492551558129e+000;-1.0117730525471007e+000
2.6154988432289139e-002;-3.1320281333845066e+000
-4.8088807012009327e-001;2.9234009072066973e+000
9.3538558102837643e-001;-2.5785544792323574e+000
1.7211353332191699e+000;-2.1969577213911595e+000
1.6790705657657063e+000;-1.6561012358121359e+000
2.5485402460919264e+000;-2.8635192068603885e+000
1.3328682918168400e+000;-2.0259735065353839e+000
1.9923645535671104e+000;-2.7043208218253025e+000
9.8087216150106427e-001;-2.4635704818164017e+000
-1.7744862696790831e-001;-2.9397977707128180e+000
1.2254358143141164e-001;-2.5918537586773556e+000
1.4600372901169612e+000;-9.0227563900257635e-001
1.1880584869164934e+000;-3.0093663182390094e+000
-2.8006164954195154e+000;2.1506559419162792e+000
1.7031537084541524e+000;-2.7055711979510875e+000
-1.6100186767248763e+000;1.9102999963207403e+000
-3.5940586783485684e-001;-3.0686470857296100e-001
4.4592280456790245e-001;-1.3333688209622110e+000
7.8286315000743045e-001;-3.4051994165854071e+000
-2.7857643515481345e-001;-1.7461669108636904e+000
-1.4189588510045996e+000;-2.9350785942578765e+000
2.1923255587490775e-001;-2.5267991079392709e+000
1.0085871866811247e-001;2.9848370974301295e+000
-5.1917692604967991e-001;-2.4954487109700922e+000
1.3131277701460933e+000;-1.1964986962231627e+000
1.4672424686632644e+000;-1.5544203646671195e-001
-4.3872878142395766e-001;5.0268089142994858e+000
7.7871430308736600e-001;-9.7497701556490957e-001
6.7228265402042753e-001;-2.0302351565508316e+000
-3.8626942788101781e-001;6.5863981720575615e-001
-8.3185781054897789e-001;2.6440026397085301e+000
1.4300993895892720e+000;-1.1352684379686344e+000
-9.3348863674617466e-001;1.9523134003475833e+000
1.0129151573648625e+000;-3.2349813819669655e+000
1.4035582732567664e+000;-6.5721836944681034e-002
-8.3786269905092092e-001;1.5822669136775644e+000
9.9805578259682681e-001;2.1684057853015353e+000
1.4235915473593104e+000;-2.1645095911921892e+000
-1.2531933214779105e+000;1.1564797683072641e+000
1.2191864731811468e+000;-3.1540533856892425e+000
5.9760783611021284e-001;-3.0293106596255894e+000
-4.9796828206922283e-001;-1.8961063266953786e+000
5.6076074671375098e-002;-2.4906956743097854e+000
-8.5897318557249913e-001;2.0841451352611213e+000
2.5599688221331469e+000;1.4857000654257908e+000
1.0870285367367316e-001;-3.0308441774826322e+000
-5.4119555991728530e-001;6.1698340069023883e-001
5.7939697791729183e-001;2.9216846222629878e-001
3.4337931815449996e+000;-2.1618311833392427e+000
-1.3382551477804066e+000;8.5163647626780903e-001
-4.7106014703764298e-002;2.3152422896961884e+000
1.9355857695330636e+000;-1.4875412875960254e+000
5.3446234335117060e-001;-1.3390813562873443e+000
-1.4616664902709475e-001;-2.2517342918138561e+000
1.0856940362438958e+000;-6.6708031287180636e-001
3.2184183260311854e+000;-2.3270327234485726e+000
-2.8220874989066236e-001;2.5608575513424281e+000
-1.1555190961413220e+000;3.4925548116815501e+000
-1.3657837221082834e+000;5.7057857872409912e-002
-7.5423595869350191e-001;2.3383648164958024e+000
-2.4254712459826191e+000;2.0482079049250008e+000
4.5044935713068379e-001;-1.6717226370985903e+000
8.2634183379833903e-001;3.4181030776526802e+000
1.7158425038119161e+000;-1.3264373290795091e+000
1.1289310971940745e+000;-2.5914117793745790e+000
-3.8536198294071511e-001;-2.4573868661970044e+000
1.8311834379839442e-001;-2.0433585832320409e+000
1.1757262081616187e+000;-1.2689000720322301e+000
5.6611568313588156e-002;-3.2550855125769633e+000
-3.6969136993055240e-001;-2.9312028777796995e+000
-7.9098782305696380e-001;2.5671484205434845e+000
1.3440559293767373e+000;-1.9511034182620253e+000
9.8069134074465514e-001;-1.3146785029356398e+000
9.1842481178668722e-001;-1.9685406933870204e+000
1.5565835212311547e+000;-9.3259558782961172e-001
-3.1639367937106107e+000;7.0169356554304940e-001
1.0282252928186291e+000;-3.2205352838854342e+000
9.8989759455086335e-001;-1.2061008255357735e+000
1.8023564251901600e+000;-1.2167103976364286e+000
2.3416202279987119e-001;-1.3804039955276917e+000
-7.6427315417497654e-001;3.2191126765054610e+000
-1.8550439436299144e+000;2.2375036567773803e+000
1.6207280391368784e+000;-1.3447448122933281e+000
6.3788809042193639e-001;-2.0891304577575034e+000
2.0908804303371842e-001;-2.6601027721755082e+000
5.4846247747710097e-001;-6.0261937152436462e-001
-1.9457890144706798e+000;1.7397060815583871e+000
-1.0803193772985109e-002;2.0238152965901182e+000
6.4559892257618401e-001;-1.7393095654649033e+000
-1.9917670435678683e+000;2.0151933626413285e+000
-5.7021874919073468e-001;-2.2975173941132017e+000
5.4818697681006423e-001;-3.2451104689751560e+000
2.8245374834419055e+000;-1.8561704575293838e+000
1.5153736682930106e+000;-5.8180198554133056e-001
3.3256501479093481e-001;-3.5174954469563167e+000
-2.2948525725897726e+000;1.8109905552968852e-001
5.0348921523996104e-001;-1.1782555474901606e+000
-2.1854809993602959e+000;4.0903939377431984e+000
-1.5717534480106707e+000;2.2390912135148033e+000
1.4054218292669751e-001;-2.6592849882677481e+000
7.1428121347581630e-001;-1.8926381488672215e+000
2.0326877135633574e+000;-2.2238416618371701e+000
7.0593010339488016e-001;-2.3062622334382534e+000
-5.4262072031903996e-001;1.2346185426811755e+000
-6.2112656116183995e-001;-2.6519024995736458e+000
2.1109823727236869e+000;-1.9757420809660342e+000
-7.0450163697801327e-001;3.0795345560142962e+000
1.5081938147534260e+000;-6.3413821416301519e-001
3.9421053414940599e-001;-8.2114089967083137e-001
5.8973490764389347e-001;-3.7292474292769979e+000
1.9457651615887783e+000;-2.9948010765157620e+000
1.8367746987173232e+000;-1.9299013058985346e+000
-1.5085269663628369e+000;1.0786687463985869e+000
5.0778131876536270e-001;-1.6809579776022661e+000
1.6394178777556436e+000;-2.8284953100914221e+000
1.8525150040662874e-001;-1.7505506035565985e+000
2.5771807080448270e+000;-2.8570461863961878e+000
1.5240669685123764e+000;-7.5743353424409077e-001
1.4464345347333158e+000;-2.5322374938889887e+000
8.1807111351914097e-002;3.7180523570279034e+000
2.0953937345879634e+000;-1.7812499810103617e+000
1.2586286264636599e+000;9.8883342542370301e-002
2.0525484508014866e+000;-1.4769252856345014e+000
-1.5721542575033514e+000;1.0344407147047603e+000
2.1832309731589801e+000;8.4298641130247898e-001
4.3166965450064798e-001;-2.3846324800723906e+000
9.3528977419013193e-001;-2.9559192309283775e+000
-1.0170413233072679e+000;-2.8974172418322626e+000
-6.8160160320829100e-001;1.6722613589156139e+000
3.0682614839551530e+000;-1.3089073387387284e+000
8.7897515087988953e-001;-3.4700286407161873e-001
-6.8797264315958051e-001;3.1141702014004236e+000
1.9083239850706382e+000;-1.6308242850704753e+000
6.9371991375564579e-001;-1.4043997129720522e+000
5.8431969087724278e-001;-2.3267278366199222e+000
-6.1874880287493017e-001;3.1711834641534797e-001
4.8057977012081154e-001;-3.3320345400434350e+000
-1.0868254968650357e+000;2.0668174750674142e+000
4.4427109889029137e-001;-1.0548106797431576e+000
1.4302535997233505e+000;1.9537073564752108e+000
3.9423989770194776e+000;-1.2557622723820310e+000
-6.3912509192813882e-001;1.6762308607896808e+000
4.7498523021387473e-001;-3.1349807775300738e+000
4.5363707726330238e-001;-2.4110688252103021e+000
7.1442198881885921e-001;-9.8896599211152214e-001
5.9231942254189085e-001;-2.9250554423754940e+000
-2.2764756861665925e-001;1.0183149955609676e+000
1.4176928903636057e+000;-2.2247206748813859e+000
-2.5089182238298413e+000;2.6484959379089159e+000
-4.1413459295897725e-001;1.2430226346410866e+000
1.7699989649078685e+000;-1.3700699057058472e+000
-1.1200695922262107e+000;-1.9687358326833555e+000
1.8247040950426860e+000;-3.6280028801631095e+000
4.3738406967930843e-001;4.5770260247512207e-001
2.1004908718158726e+000;-1.1436749537078281e+000
-3.0974668382262904e-001;-2.3110623469407487e+000
-5.6892035836044064e-001;1.8647198873494824e+000
-3.7217780298353076e-001;3.6759071433096953e+000
4.6759875811705465e-001;3.7672687840593513e+000
3.0977793782766483e-001;-2.5769838051710625e+000
8.4620859502445633e-001;-2.8163471652592316e+000
-3.3986161830354522e-001;-4.8509799972816321e+000
-1.6876052544216442e+000;9.8838396076382629e-001
1.2428898739443794e-001;3.7269113801130516e-003
6.9710437659833491e-001;-1.6026524345818181e+000
2.3744420073701766e+000;-1.7630454163145077e+000
1.5789122221815277e-002;-3.0449069178436137e+000
3.6852702814814897e-001;-1.1090160416386419e-001
6.8040459539394571e-001;-2.0148802207266443e+000
-2.4389291997795990e+000;3.0202936924971064e+000
1.3444289099169473e+000;-2.1208467983177837e-001
1.1264302731058808e+000;-1.7665354493116412e+000
1.8722173576863892e+000;-2.1247415427185952e+000
1.4570637049311537e+000;-4.0691468208806096e+000
2.5948095687647359e+000;-1.9451431509829094e+000
-2.0174653274297398e+000;1.5214011914932564e+000
-7.9400673302399771e-001;-1.8354146254339434e+000
8.2754790086282326e-001;-7.9093087968137388e-001
5.7705355788808221e-001;-3.0499531462850498e+000
1.6809940588018757e-001;-1.8381969315644948e+000
-1.1164291435046751e+000;1.5527950360200107e+000
7.5810745535224688e-001;-9.4353846599539049e-001
-1.2141828371106429e+000;-5.6045484863118267e-001
-6.3228054949014734e-002;-1.1177072416815901e+000
2.2391830434600801e-001;1.7573242385084531e+000
3.9141349232173550e-001;-4.7211195912836796e+000
1.5548611708599664e+000;-4.2928819849162929e+000
-9.4681999878450651e-001;1.6890330376786489e+000
-8.0943291152408492e-001;1.8498514314600683e+000
2.4042133171802931e+000;-2.6761784280604330e+000
-7.5649418464288765e-001;-2.6494809976810054e+000
2.3378071284962392e+000;-3.5723101639284010e+000
1.2850099330003513e+000;-2.5001230865776147e+000
-5.1602732318475342e-002;-2.2522057800952804e+000
1.1055717712874420e+000;-1.1111545937699630e+000
2.6807405983410968e+000;-9.8783903803300621e-001
1.8653873103832632e+000;-2.1348742047078813e+000
1.2894769680137981e+000;-4.4442408404879918e+000
-1.8388668412047158e+000;-6.5014986165296218e-002
-8.4507534908605664e-001;3.2552201085264176e+000
5.5094033434317291e-002;2.0873496773932643e+000
5.8015780754192070e-001;1.5705326135184650e-001
1.4425255588254915e+000;-2.7159033087293865e+000
-1.3095600733315087e+000;2.1888562149021205e+000
-2.1334362605363548e+000;-8.5405575939842326e-001
1.7415573164184781e+000;-2.5017418734544878e+000
1.1080591108680158e+000;-2.4086884897864942e+000
1.3509075582917205e+000;-1.6196490739899030e+000
-1.0117758182615977e+000;-2.5855516523140394e+000
8.7951661156330019e-001;-2.7293328865131130e+000
-1.8363403483123197e-001;2.2365759259147984e+000
2.0156346489338204e+000;-3.8158915990228528e+000
1.0990317631327851e+000;-3.7325554264488359e+000
3.5939335558918872e-001;-1.4043218875881340e+000
7.0533101036178003e-001;-1.5658589998766645e+000
-2.1544861805061610e-001;-1.2517629915298312e+000
2.0379862267405446e-001;-1.0030864990010175e+000
6.7882915505646180e-001;-1.6800668194923976e+000
1.3694804003240835e+000;-1.1957030905257855e+000
-9.2967586469620400e-001;-1.5700104892282469e+000
3.4895368929442783e-002;-2.2156082199329843e+000
3.0275353839545782e-001;2.2860754224588407e+000
-1.5433781026212166e+000;2.2202748313246139e+000
8.9886139445474267e-001;-2.4151327044705422e+000
1.4286488336813836e+000;-2.0556788319678003e+000
-1.9909091791508502e+000;3.2176855651931930e+000
-6.6769996889194672e-001;-2.3505398256224792e+000
1.6238891247443383e+000;-1.4829250357229953e+000
-3.6705880959764570e-001;-1.3646569721421671e+000
1.3397774862399254e+000;-1.2776170176864112e+000
1.3777707266694321e+000;-1.5420962814390586e+000
-2.0193499937370776e+000;1.4952636261262853e+000
2.5608155010406874e-001;-2.6015003051195924e+000
-4.3284531828740902e-001;-1.7837866745307960e+000
8.1243688073465825e-001;-2.7270135384197731e+000
1.2437634551962033e+000;-1.6790623332711407e+000
1.6708765504824139e+000;-2.9881914260922349e-001
-1.0000143214976320e+000;1.8550793646654433e+000
1.4554889607564832e+000;-2.3411094411388751e+000
1.2950474567495875e+000;-6.5225446102174689e-001
2.1734347852592795e-001;-1.6393158243004460e+000
2.0737902468299252e-001;9.5988866985523513e-001
7.7692754097812333e-001;-1.6313836512307336e+000
1.6602603711882096e+000;-3.4650750249071276e+000
1.6835516595514419e+000;-1.4884519299264154e-001
1.2345509241673003e+000;-3.1786984065072827e+000
4.8073172745433612e-001;-3.7253971387427711e+000
2.1748505303863030e-001;2.4453295828642716e+000
-1.3142848826553910e+000;3.8781065643475698e+000
1.4169443545235876e+000;-2.6621214470557759e+000
1.4728005970743883e+000;-3.6409699919286895e+000
4.0869908616722139e-001;-1.7102360474085594e+000
5.6354599925140891e-001;-3.3285412766824951e-001
-1.8181747522094105e-001;2.5053656561444657e+000
-2.1092306456367860e-001;2.6896285593708673e+000
-3.7965985912159561e-001;-1.2402310311762399e+000
8.6214945002759247e-001;-2.6180370394074730e+000
2.8981526842391270e-001;-3.8822697272598483e+000
1.7239260267247696e+000;-1.4391055480286865e+000
5.0979314965495504e-001;-1.1537098185549106e+000
1.2607220142002955e+000;1.1626022633757200e+000
1.6300561669407572e+000;6.4059549362218249e-002
2.4280232755461508e+000;-1.8564886941703174e-001
3.4920347227561033e-001;-1.8427588766643817e+000
-2.2158967307350936e+000;1.7887490089602935e+000
9.0707725170673814e-001;3.0437485753653215e-001
-2.0497962865547490e+000;2.9128227820651258e+000
-1.9993234590593976e+000;1.7370686519677452e+000
6.7257634015283030e-001;-2.1684485426328526e+000
-7.1136540061412368e-001;1.9861872446059645e+000
-2.4953400916915238e+000;7.1974804973681006e-001
4.0114412698778235e-001;-1.6741300236965029e+000
8.4263985568671784e-001;-2.1264973834719356e+000
9.0895418529424243e-001;2.4110062041131788e+000
-1.1558288240837586e+000;2.0307547595988766e+000
1.9688488679503595e+000;-2.8651502137194589e+000
1.2195136759805492e-001;-2.7721062330446040e+000
-1.6177795562241777e+000;1.5977326490150872e+000
-1.3108603969859058e+000;1.4461849123868427e+000
-2.8843391668959586e+000;1.4534313201128675e+000
4.7663314509440347e-001;-1.7973572088274419e+000
2.7043634524703282e+000;-1.1884998244577947e+000
-1.6960921625529426e+000;1.7389142552976193e+000
-2.3727868823461273e-001;-4.2035849693595742e+000
1.6085536961884377e+000;-1.3164217121545621e+000
2.6259146452741686e+000;-1.5142825197363630e+000
-2.6084804220570996e+000;3.3731425647091813e+000
1.2599315456682898e+000;-2.4691384557390603e+000
1.0193030796151594e+000;-2.4884203380229768e+000
8.7644165827663234e-001;1.8789766548368516e+000
8.9268548858421526e-001;-1.8535466375907750e+000
2.7853769878757806e-001;-3.6817887581219222e+000
4.0576861100501505e-001;-2.8333244115163083e+000
1.5471530099584605e+000;-1.3216861998189675e+000
1.9487176168075391e+000;-1.8192994915509635e+000
1.3606197019016708e-001;3.4501913492921243e+000
7.7023153151978019e-001;-2.2616222533005903e+000
-9.5867403554670538e-001;-2.5951803112394654e+000
3.2870955175174559e+000;-9.7053108450070447e-001
-9.3036280729790954e-001;1.9840434806991885e+000
-2.0804234093290281e+000;1.6200436528770621e+000
-9.6157182990940537e-001;-1.9054787123348804e+000
8.8196523031900176e-002;2.3926224946249222e+000
-1.8623353742054904e-001;-2.1410646660370429e+000
3.9939561697890267e+000;-2.7680062499421143e-001
6.0675014987453457e-001;-6.8536098442427584e-001
-2.4500704203810688e+000;3.5806891444138840e+000
-1.1560700256609380e-002;-1.2442588044306206e+000
1.7011711301085994e+000;-1.6769026415893102e+000
2.4264620335666041e+000;-1.8689913749628329e+000
5.3655072094291756e-001;-7.7127693739995773e-001
1.0333988146137061e+000;-1.1249064277358842e+000
1.9136200437953608e+000;-2.2819992983554425e+000
-1.4686553234225368e+000;-1.5788725438684992e+000
3.0088545027552125e+000;-1.3668599326937672e+000
7.6978212784228084e-001;-2.4158595970402774e+000
1.7020489109548613e+000;-2.2433860786644844e+000
-8.1605867400551846e-001;2.5206510255595087e+000
2.6308758017487053e+000;-2.5383534441389304e+000
7.7974911064857588e-001;-2.7812695120090960e+000
7.0925712171116462e-001;-2.5160103993344562e+000
-5.6168097767097525e-002;-2.9397682490125554e+000
1.4111065089659647e+000;-2.9718975335452105e+000
2.6785922361116459e+000;-2.5956464227510949e+000
1.7008138398238541e+000;-1.1392514737839676e+000
1.4852875303058282e+000;-2.0944005155777345e-001
7.7248257728547753e-001;2.3159461694494805e+000
-1.2047277763417341e-001;-1.5253376419232481e+000
-1.2455446902832761e+000;2.5538233093334268e+000
-6.6975951738500616e-001;1.7883246289371002e+000
-3.8634558752923942e-001;8.7773079382964547e-001
1.8922373370113426e+000;-3.8783108562695592e+000
4.0133006404115990e-002;-1.1438184914633425e+000
8.3505721318083825e-001;-1.9159856014927072e+000
1.9345303519801740e+000;-1.8956770387111714e+000
-3.8611264254722881e+000;9.0999603604695789e-001
1.5522133873811390e+000;-2.1228594682021740e+000
6.2209728979200318e-001;-1.9859357104071014e+000
5.8557010377957575e-003;4.2390546476464266e+000
-1.8580567256661904e+000;2.3022591181807188e+000
2.8419205592739853e+000;-1.8304921442484867e+000
2.8144615858509225e-001;-7.7128603469992751e-001
2.9002604653548536e-001;-2.8663026077041076e+000
1.2473346171417123e+000;-3.6081693972993407e+000
-2.0799028220946854e+000;2.3367232890435994e+000
-5.7365968648799726e-001;-3.2476771676012688e+000
8.2488907414266632e-001;-1.4657359515713608e+000
-2.8327841020041311e-001;-2.9271874858245059e+000
-1.3990318483146003e+000;3.3291214433367138e+000
3.5258306416931928e-001;-3.2234817322684148e+000
6.3373201764884246e-001;-2.2327080225320532e+000
-8.7458791843877837e-002;2.1118987952835062e+000
-1.6632495927848632e+000;2.5903104885553816e+000
-1.0565707482055857e+000;-2.5706377136164855e+000
1.8766796747173506e+000;-1.7122238358860766e+000
1.7614864616049688e+000;-1.5110200690405440e+000
2.1971785132585140e+000;-1.8197123950034846e+000
-1.7366593271207007e+000;3.1144850942902345e+000
5.0224485466292468e-001;-2.8459298598904281e-002
2.1536462817973265e+000;-1.0936757120301219e+000
2.4935956472427305e+000;-2.0834256296525595e+000
-6.0130598003635483e-001;1.9524403926802640e+000
1.2564329665041933e+000;-2.7826713155213549e+000
1.2379606557847953e+000;-2.8617435501990793e+000
2.1149413361386515e+000;-2.7739252188843841e+000
2.2359693993856684e+000;-2.2046488006603200e+000
3.2547247095549290e+000;-1.3409485595990298e+000
-3.9046749233296030e-001;2.3007503800501246e+000
1.4478289261973618e+000;-3.2008871679183990e+000
-7.1439375809272398e-002;3.6075092502851707e+000
-1.0034856370844569e+000;2.5725864040975384e+000
5.0206502523685237e-001;-2.7301042091165595e+000
-9.1767227150116537e-001;-3.5348949711904507e+000
1.2023213047523242e+000;1.7863445138448304e+000
1.8939407148876013e+000;-2.0446222323691172e+000
3.0032031934925218e-001;-2.4575567533282805e+000
-1.3338608254562589e+000;-3.3455447550867534e-001
-1.2594489982714518e-001;2.7130761708764166e+000
4.1278448577403495e+000;-7.5916806103068990e-001
1.4432569954873129e+000;-1.9156778002548951e+000
2.3973863354443548e-001;-3.2520126772318845e+000
1.0731865366087230e+000;-8.2461639031464773e-001
1.5131049363237978e+000;-2.3310841394556734e+000
-2.2547729749297298e+000;1.2251253410735286e+000
1.7380813612817456e+000;-2.4174248740140869e+000
9.5871127133023615e-001;2.1187276262238570e+000
-6.4304735606684593e-001;2.7103007523443496e+000
-1.4002939080152250e+000;5.5629055761428026e-001
5.0590414418717500e-001;-2.0149275883318354e+000
3.6366640036454978e-001;-5.5377386910153614e-001
1.4751188217512232e+000;-1.0071124092209836e+000
1.4076478775813828e+000;-4.0236183859472732e+000
1.2352279337821797e+000;-1.7106600604154369e+000
2.2037415096975828e+000;-2.4346205296200631e+000
-2.1954821225352872e-001;1.6232346138400713e+000
-9.8817611894410917e-001;-2.5527435719232985e+000
4.3013080722979713e-001;1.6635617051854208e+000
6.6445185203664425e-001;3.4504916427108299e+000
-1.2215025555741912e+000;2.5811948853286637e+000
3.2454736918734461e-001;1.9588524623145604e+000
-2.3238293471757925e+000;1.8819508796761557e+000
1.5774683284395792e+000;-1.6944541248014862e+000
1.7047327739070774e+000;-1.9903892254058391e+000
-1.1762744968528072e-001;-2.5634416430088560e+000
-2.6832609161056808e-001;-1.6938089019384712e+000
-8.9854001827058105e-001;1.8772915679664739e+000
9.0110338089641939e-001;-1.7988778545291446e+000
-1.4457168523497055e-001;-1.7594295106770177e+000
8.1251905124892954e-001;-2.3216039594115370e+000
-5.2514292119110761e-001;2.0134107790892135e+000
